Name,Rating,Ease of Prep,Type,Prep Time,Ingredients,Link
Jamaican Jerk Chicken,?????,Average,Main Dish,30,Chicken,
Pasta Salad,???,Fairly Easy,Salad,20,"Kielbasa,Noodles",
Lasagna,???,Fairly Easy,Main Dish,45,"Sausage,Noodles",
Hearty Pancakes,????,Average,Breakfast,20,"Milk,Eggs,Corn Meal",
Summer Garden Couscous Salad,????,Hard,Salad,30,Vegetarian,
Squash Corn Chowder,??,Hard,Main Dish,45,"Vegetarian,Potatoes",
"White beans, tomatoes, and spinach",???,Fairly Easy,Main Dish,30,"Rice,Vegetarian,Beans,Eggs",
Spaghetti,?????,Super Simple,Main Dish,15,"Noodles,Marinara Sauce",
Scones,?????,Super Simple,Baking Basics,45,,
Pizza,?????,Average,Main Dish,120,"Sausage,Cheese",
Stir-Fry,?????,Fairly Easy,Main Dish,25,"Chicken,Rice",
Rustic Italian Tortellini Soup,????,Hard,Main Dish,30,"Sausage,Noodles,Cheese",
Swedish Meatballs,???,Very Difficult,Main Dish,90,"Beef,Noodles,Eggs",
Barley Beef Skillet,????,Super Simple,Main Dish,25,Beef,
Southwest Beef & Rice Skillet,?????,Super Simple,Main Dish,25,"Beef,Rice,Beans",
Glazed Pork Chops with Corn Bread Dressing,????,Average,Main Dish,45,Pork,
Fried Rice,????,Super Simple,Main Dish,20,"Chicken,Eggs,Rice",https://www.tasteofhome.com/recipes/mom-s-fried-rice
Zesty Sausage & Beans,?????,Fairly Easy,Main Dish,45,"Sausage,Beans,Rice",
Prosciutto Pasta Toss,??,Fairly Easy,Main Dish,30,"Noodles,Ham",
Cashew Chicken with Noodles,?????,Average,Main Dish,20,"Noodles,Chicken",
Herb Chicken with Honey Butter,???,Average,Main Dish,30,Chicken,
French Toast,????,Super Simple,Breakfast,10,Eggs,
Swedish Pancakes,????,Fairly Easy,Breakfast,20,"Milk,Eggs",
Baked Cheddar Eggs & Potatoes,?????,Fairly Easy,Main Dish,45,"Potatoes,Bacon,Cheese,Eggs",
Baked Mostaccioli,?????,Super Simple,Main Dish,90,"Noodles,Marinara Sauce,Cheese,Sausage",
Ravioli with Snap Peas,????,Hard,Main Dish,40,"Noodles,Milk,Cheese",
Cloverleaf Rolls,???,Fairly Easy,Side Dish,30,Milk,
Greek Yogurt and Honey Blueberry Muffins,????,Average,Breakfast,30,"Eggs,Milk",
Whole Grain Waffles,?????,Super Simple,Breakfast,25,"Eggs,Milk",
Lemon Bars,???,Fairly Easy,Dessert,60,,
Qahaq Cookies,??,Average,Dessert,30,,
Blondies with Nutella,??,Hard,Dessert,90,,
Hot Chocolate,?????,Super Simple,Dessert,10,Milk,
Chocolate Mousse,????,Hard,Dessert,30,Eggs,
S'mores Cookie Bars,????,Hard,Dessert,45,,
Orange Chicken,????,Fairly Easy,Main Dish,40,"Chicken,Rice",
Tostadas,???,Super Simple,Main Dish,20,"Chicken,Cheese",
Black Bean Stuffed Sweet Potatoes,?,Fairly Easy,Main Dish,20,"Beans,Cheese",
Asian Shredded Beef,?????,Super Simple,Main Dish,30,"Beef,Noodles",
"Capellini with sausage, spinach, and jalapeno",????,Fairly Easy,Main Dish,40,"Sausage,Noodles",
Crispy Chicken with Kale,??,Fairly Easy,Main Dish,45,Chicken,
Roast Chicken Grain Bowl,?,Average,Main Dish,60,Chicken,
Chicken thighs with barley and peas,??,Fairly Easy,Main Dish,60,Chicken,
Rice noodles with meatballs and bok choy,????,Hard,Main Dish,45,"Beef,Noodles",
Paprika Pork with Roasted Potatoes and Dill Cream,???,Fairly Easy,Main Dish,60,"Pork,Potatoes",
Chicken cutlets with carrot and kale salad,???,Average,Main Dish,30,Chicken,
Gnocchi and sweet potatoes,???,Fairly Easy,Main Dish,20,,
Shepherd's Pie,????,Hard,Main Dish,60,"Beef,Potatoes",
Garlic Parmesan Chicken,??,Super Simple,Main Dish,45,"Chicken,Rice",
Turkey Pot Pie,???,Fairly Easy,Main Dish,60,Turkey,
Balsamic Bacon Brussels Sprouts,???,Fairly Easy,Side Dish,40,Bacon,
Lemon Red Potatoes,??,Super Simple,Side Dish,150,Potatoes,
Potato and Corn Chowder,???,Super Simple,Main Dish,20,"Potatoes,Milk,Cheese",
Thai Chicken,?????,Super Simple,Main Dish,30,"Chicken,Noodles,Eggs",
Italian Fagoli Vegetable Soup,????,Fairly Easy,Main Dish,45,"Vegetarian,Beans,Noodles",
Blueberry Pie,?????,Fairly Easy,Dessert,120,,
Chocolate Pudding,????,Fairly Easy,Dessert,30,,
Browned Butter Beets,?????,Hard,Side Dish,120,"Beets,Breadcrumbs",
Turkey Soup with Homemade Noodles,????,Average,Main Dish,120,"Turkey,Noodles",
Home fries,?????,Super Simple,Side Dish,45,Potatoes,
Chocolate Raspberry Torte,?????,Hard,Dessert,60,"Eggs,Milk",
Golden Latte,?????,Super Simple,Drink,20,Milk,
Fig Shake,????,Fairly Easy,Drink,10,Milk,
Lentil Soup,???,Average,Main Dish,60,"Lentils,Vegetarian,Carrots,Onion",http://www.recipetineats.com/lentil-soup/
Buckwheat Tabboulah,?,Super Simple,Main Dish,30,"Buckwheat,Vegetarian,Carrots,Onion",http://rawmanda.com/buckwheat-tabbouleh/
Lentil Rice Bowls with Egg,????,Fairly Easy,Main Dish,60,"Rice,Lentils,Onion",https://www.thekitchn.com/recipe-brown-rice-bowl-with-lentils-caramelized-onions-fried-egg-223112
Italian Vegetable Lentil Soup,????,Fairly Easy,Main Dish,60,"Lentils,Onion,Vegetarian",http://www.cookingclassy.com/italian-vegetable-lentil-soup/
One Pot Chicken & Potatoes,????,Super Simple,Main Dish,90,"Potatoes,Chicken,Carrots,Onion",http://letthebakingbeginblog.com/2014/05/one-pot-chicken-potatoes/
Sweet Korean Lentils,?????,Fairly Easy,Main Dish,45,"Lentils,Rice,Onion",https://itdoesnttastelikechicken.com/easyrecipe-print/7850-0/
Buckwheat Beetroot Salad,???,Average,Main Dish,60,"Beets,Buckwheat",https://www.lazycatkitchen.com/warm-buckwheat-beetroot-salad/
New Potato Lentil Salad,????,Fairly Easy,Main Dish,50,"Potatoes,Lentils",http://www.occasionallyeggs.com/2016/08/roasted-new-potato-salad-with-lentils.html
Ham & Potato Soup,????,Average,Main Dish,60,"Potatoes,Ham,Onion,Milk",http://allrecipes.com/recipe/56927/delicious-ham-and-potato-soup/
Lemon Dill Potatoes,????,Super Simple,Main Dish,50,Potatoes,https://tastespace.wordpress.com/2015/07/18/creamy-lemon-dill-roasted-potato-salad/
BBQ Lentils,???,Fairly Easy,Main Dish,60,"Lentils,Rice",https://www.rebootedmom.com/2017/08/05/barbecue-lentils-vegan-gluten-free-and-dairy-free/?utm_medium=social&utm_source=pinterest&utm_campaign=tailwind_tribes&utm_content=tribes
Healthy Buckwheat Soup,???,Super Simple,Main Dish,45,"Buckwheat,Carrots,Onion",http://momsdish.com/recipe/385/healthy-buckwheat-soup
Buckwheat Chicken Pilaf,?????,Hard,Main Dish,120,"Buckwheat,Carrots,Chicken,Onion",https://natashaskitchen.com/buckwheat-and-beef-pilaf-plov/
Vegetable Noodle Soup,????,Super Simple,Main Dish,40,"Carrots,Noodles",http://thevegan8.com/2014/10/18/classic-vegan-noodle-soup/
Bacon and Honey Potato Salad,???,Fairly Easy,Main Dish,45,"Potatoes,Bacon",https://www.smalltownwoman.com/warm-bacon-honey-mustard-potato-salad/
Pretzel Sticks,????,Average,Baking Basics,60,"Eggs,Flour,Yeast",https://gatherforbread.com/german-soft-pretzel-sticks/
Golden French Lentil Soup,???,Fairly Easy,Main Dish,60,Lentils,https://www.veggiesdontbite.com/vegan-lentil-stew-oh-she-glows-every-day/
Lentil Shepherd's Pie,?????,Average,Main Dish,90,"Lentils,Carrots,Onion,Peas,Potatoes",https://itdoesnttastelikechicken.com/seriously-the-best-lentil-shepherds-pie/
Honey Lime Chicken,???,Fairly Easy,Main Dish,45,"Chicken,Rice",http://www.juliasalbum.com/2015/09/cilantro-lime-honey-chicken-thighs-recipe/
Lentil Curry,??,Super Simple,Main Dish,45,"Lentils,Carrots,Onion",https://www.forksoverknives.com/recipes/indian-curry-lentils/#gs.lUICmXM
Dutch Oven Bread,?????,Super Simple,Baking Basics,60,"Flour,Yeast",http://www.nutritiouseats.com/rosemary-dutch-oven-bread/
Potato Apple Roast,????,Average,Main Dish,45,"Apple,Potatoes,Ham",https://www.healthyseasonalrecipes.com/roasted-potatoes-with-apples-sausage-and-maple-mustard-glaze/
Baking Powder Biscuits,????,Super Simple,Baking Basics,30,"Flour,Milk,Eggs",https://www.kingarthurflour.com/recipes/baking-powder-biscuits-recipe
Sugar Cookies,?????,Fairly Easy,Baking Basics,25,"Flour,Eggs",https://deliciouslysprinkled.com/soft-sugar-cookies/
Potato Curry,????,Fairly Easy,Main Dish,35,"Potatoes,Vegetarian",http://www.savorytooth.com/easy-weeknight-potato-curry/
Bucatini all'Amatriciana,????,Hard,Main Dish,45,"Noodles,Tomatoes,Bacon",https://www.bonappetit.com/recipe/bucatini-all-amatriciana-2
Brioche Chocolate Rolls,????,Fairly Easy,Baking Basics,120,"Flour,Eggs,Yeast,Fish",https://tutti-dolci.com/2013/11/brioche-rolls-with-chocolate/
Naan,?????,Fairly Easy,Baking Basics,45,"Milk,Yogurt,Flour,Yeast",https://food52.com/recipes/24144-homemade-naan?utm_source=cj&affil=cj&utm_medium=affiliate&utm_campaign=Food52+Shop&company=Skimlinks&website=7262954
Lemon Poppy Seed Scones,?????,Super Simple,Baking Basics,30,"Flour,Butter,Sour Cream",http://barefootandbaking.blogspot.ru/2012/05/lemon-poppy-seed-scones.html
Balsamic Dijon Root Vegetables,????,Fairly Easy,Main Dish,150,"Potatoes,Onion,Carrots,Parsnips",http://www.thecreativebite.com/balsamic-dijon-roasted-root-vegetables/
Best Baked Chicken Legs,?????,Super Simple,Main Dish,90,"Chicken,Rice",https://www.blessthismessplease.com/chicken-legs/?m
Spanish Lentil Soup,,Fairly Easy,Main Dish,60,"Ham,Lentils",http://www.myrecipes.com/recipe/spanish-style-lentil-soup
Chocolate Chip Irish Soda Bread,??,Average,Baking Basics,60,"Flour,Chocolate Chips",http://www.delish.com/cooking/recipe-ideas/recipes/a51728/irish-soda-bread-recipe/
Malteese Gilatti,??,Average,Baking Basics,120,"Flour,Butter,Yeast",http://www.ilovefood.com.mt/recipes/galletti-recipe/
Buckwheat Carrot and Onion,????,Fairly Easy,Main Dish,40,"Buckwheat,Carrots,Onion",http://www.pinchofcinnamon.com/2011/12/cooking-buckwheat.html
Sweet Potatoes with Yogurt and Chickpeas,?????,Fairly Easy,Main Dish,30,"Chickpeas,Potatoes,Yogurt,Eggs",https://www.prevention.com/food/10-healthy-chickpea-recipes/slide/9
Spanish Chickpeas,?????,Average,Main Dish,45,"Chickpeas,Flour,Yogurt,Onion,Eggs",https://www.prevention.com/food/10-healthy-chickpea-recipes/slide/3
Lemon Fettuchini,????,Fairly Easy,Main Dish,30,"Noodles,Coconut milk",https://veganheaven.org/recipe/lemon-spaghetti-with-spinach/
Chickpea Masala,?????,Fairly Easy,Main Dish,40,"Chickpeas,Flour,Yogurt,Eggs",
Chickpea Broccoli Pesto,???,Super Simple,Side Dish,40,"Broccoli,Chickpeas",
Thai Veggie Soup,???,Average,Main Dish,30,"Coconut milk,Noodles",https://www.budgetbytes.com/thai-curry-vegetable-soup/
Buttery Herb Chicken,????,Fairly Easy,Main Dish,20,"Chicken,Rice",
Rosemary Parsnips,?????,Super Simple,Main Dish,35,Parsnips,
Balsamic Potatoes and Asparagus,???,Super Simple,Main Dish,40,"Potatoes,Asparagus",http://wallflowerkitchen.com/balsamic-roasted-new-potatoes-asparagus/
Quinoa Brussels Sweet Potato Salad,????,Average,Main Dish,40,"Quinoa,Brussels Sprouts ,Sweet potato",https://laurenkellynutrition.com/sweet-potato-brussels-sprout-quinoa-bowl/
Thai Peanut Cabbage Quinoa,????,Fairly Easy,Main Dish,20,"Quinoa,Cabbage,Peanut",https://cookieandkate.com/2017/thai-peanut-quinoa-salad-recipe/
Lemon Garlic Asparagus with Orzo,???,Average,Main Dish,30,"Orzo,Asparagus",https://www.thegardengrazer.com/2018/03/lemon-garlic-orzo-with-asparagus.html
Moroccan Sweet Potato Lentil Stew,???,Average,Main Dish,60,"Sweet potato,Lentils,Spinach,Onion,Carrots",https://monkeyandmekitchenadventures.com/moroccan-sweet-potato-lentil-stew/
Chia Crusted Salmon,????,Fairly Easy,Main Dish,20,"Salmon,Chia",https://houseandhome.com/recipe/chia-crusted-salmon-recipe/
Pinto Beans and Tomatillo Cilantro Lime Rice,?????,Hard,Main Dish,60,"Beans,Rice,Onion,Tomatillo,Lime,Garlic",https://www.thecuriouschickpea.com/mexican-pinto-beans-and-tomatillo-cilantro-lime-rice/
Thai Squash Soup,???,Average,Main Dish,60,"Squash,Coconut milk,Peanut,Onion,Garlic,Carrots,Cilantro",http://hostthetoast.com/thai-coconut-curry-butternut-squash-soup/
Roasted Carrot & Peanut Sauce,?????,Average,Main Dish,75,"Carrots,Peanut,Cilantro",https://pinchofyum.com/lentil-curry-bowls-with-cilantro-cashew-sauce
Majoram White Wine Chicken,????,Average,Main Dish,120,"Chicken,Wine",https://www.foodandwine.com/recipes/wine-baked-chicken-legs-with-marjoram
Marjoram Carrots,?????,Fairly Easy,Side Dish,30,"Carrots,Garlic",https://www.foodandwine.com/recipes/sauteed-carrots-lemon-and-marjoram
Soy Mustard Salmon,????,Fairly Easy,Main Dish,20,"Salmon,Soy Sauce,Dijon Mustard,Garlic,Ginger",
Chive Butter Radishes,,,,,,
Mango Chutney,???,Average,Side Dish,30,"Mango,Cheese,Apple,Raisins,Bell Pepper,Jalopeno Pepper",
Vegetarian Chili,,,Main Dish,,"Vegetarian,Tomatoes",
Sweet Potato Breakfast Burritos,????,,Main Dish,,Sweet potato,https://www.ambitiouskitchen.com/healthy-sweet-potato-black-bean-avocado-breakfast-burritos/
Roasted Sweet Potato Lentil Salad,?????,Fairly Easy,Salad,45,"Lentils,Sweet potato,Spinach,celery",https://www.melskitchencafe.com/roasted-sweet-potato-lentil-salad/
Cornbread,???,Fairly Easy,Side Dish,40,"Butter,Milk,Flour,Corn Meal,Baking Powder",
Brussel Honey Lentil Quinoa,???,Fairly Easy,Main Dish,,"Brussels Sprouts ,Quinoa,Lentils,Onion",https://www.thekitchn.com/recipe-honey-roasted-sprouts-and-lentils-and-quinoa-249782
Lentil Sweet Potato Curry,????,Average,Main Dish,60,"Sweet potato,Apple,Lentils,Onion,Garlic,Tomatoes,Rice",
Gnocci and white beans,????,Average,Main Dish,30,"Beans,Spinach,Tomatoes,gnocchi,Cheese",
Pad Thai,???,Fairly Easy,Main Dish,30,"Vegetarian,Noodles",
Kung Pao Chicken,??,Fairly Easy,Main Dish,,"Chicken,Peanut,Water chestnuts",
Mediterranean Tuna Steaks,???,Fairly Easy,Main Dish,,"Tuna,Capers",https://howtofeedaloon.com/mediterranean-tuna-steaks/
Spicy Black Bean Nachos,??,,Main Dish,,"Beans,Adobo Chile",https://www.mexicanplease.com/spicy-black-bean-nachos/
Tomato Basil Soup,????,Average,Main Dish,45,"Tomatoes,Basil",
Chewy Chocolate Chip COokies,?????,Fairly Easy,Dessert,30,"Butter,Chocolate Chips,Flour",https://www.ihearteating.com/chewy-brown-sugar-chocolate-chip-cookie-recipe/
Quinoa Peanut Kale Curry,????,Average,Main Dish,45,"Quinoa,Kale,Peanut,Cilantro,Onion,Coconut milk",https://www.cookinglight.com/recipes/chickpea-and-kale-curry
Sweet Potato Lentil Curry with Pickled Onion,????,Average,Main Dish,60,"Sweet potato,Red onion,Lentils,Ginger,Coconut milk,Cilantro",https://www.cookinglight.com/recipes/sweet-potato-and-red-lentil-curry
Sardine Mediterranean Pasta,???,Fairly Easy,Main Dish,30,"Sardine,Capers,Shallots,Lemon,Parsley",https://toriavey.com/toris-kitchen/mediterranean-sardine-lemon-pasta/
Prosciutto apple flatbread pizza,???,Fairly Easy,Main Dish,45,"Apple,Prosciutto,Cheese",
Dill Cucumber Salmon,????,Average,Main Dish,30,"Fish,Yogurt,Cucumber,Dill,Broccoli,Red onion",
Vegetable Couscous,?????,,Main Dish,,"Couscous,Green Onion,Carrots",
Talapia Tacos,????,Fairly Easy,Main Dish,30,Tilapia,
Roasted Mackerel,,,,,,
Lentil Salsa Soup,????,,,,,
Pesto Tomato Penne,???,Super Simple,Main Dish,20,Pesto,https://www.foodnetwork.com/recipes/giada-de-laurentiis/penne-with-sun-dried-tomato-pesto-recipe-1942250
Black Bean Soup,????,Fairly Easy,Main Dish,30,,
Balsamic Pork Chops,,,,,,
